grid_id,lat,lon,elevation,temp,rh,wind_speed
GRID_001,18.2,99.4,226.0,28.5,65.0,5.2
GRID_002,18.2,99.4107,224.0,28.5,65.0,5.2
GRID_003,18.2,99.4214,225.0,28.5,65.0,5.2
GRID_004,18.2,99.4321,230.0,28.5,65.0,5.2
GRID_005,18.2,99.4429,239.0,28.5,65.0,5.2
GRID_006,18.2,99.4536,248.0,28.5,65.0,5.2
GRID_007,18.2,99.4643,257.0,28.5,65.0,5.2
GRID_008,18.2,99.475,254.0,28.5,65.0,5.2
GRID_009,18.2,99.4857,250.0,28.5,65.0,5.2
GRID_010,18.2,99.4964,264.0,28.5,65.0,5.2
GRID_011,18.2,99.5071,267.0,28.5,65.0,5.2
GRID_012,18.2,99.5179,277.0,28.5,65.0,5.2
GRID_013,18.2,99.5286,293.0,28.5,65.0,5.2
GRID_014,18.2,99.5393,379.0,28.5,65.0,5.2
GRID_015,18.2,99.55,388.0,28.5,65.0,5.2
GRID_016,18.2107,99.4,221.0,28.5,65.0,5.2
GRID_017,18.2107,99.4107,226.0,28.5,65.0,5.2
GRID_018,18.2107,99.4214,223.0,28.5,65.0,5.2
GRID_019,18.2107,99.4321,223.0,28.5,65.0,5.2
GRID_020,18.2107,99.4429,240.0,28.5,65.0,5.2
GRID_021,18.2107,99.4536,245.0,28.5,65.0,5.2
GRID_022,18.2107,99.4643,258.0,28.5,65.0,5.2
GRID_023,18.2107,99.475,252.0,28.5,65.0,5.2
GRID_024,18.2107,99.4857,256.0,28.5,65.0,5.2
GRID_025,18.2107,99.4964,259.0,28.5,65.0,5.2
GRID_026,18.2107,99.5071,263.0,28.5,65.0,5.2
GRID_027,18.2107,99.5179,277.0,28.5,65.0,5.2
GRID_028,18.2107,99.5286,292.0,28.5,65.0,5.2
GRID_029,18.2107,99.5393,326.0,28.5,65.0,5.2
GRID_030,18.2107,99.55,541.0,28.5,65.0,5.2
GRID_031,18.2214,99.4,223.0,28.5,65.0,5.2
GRID_032,18.2214,99.4107,223.0,28.5,65.0,5.2
GRID_033,18.2214,99.4214,227.0,28.5,65.0,5.2
GRID_034,18.2214,99.4321,224.0,28.5,65.0,5.2
GRID_035,18.2214,99.4429,229.0,28.5,65.0,5.2
GRID_036,18.2214,99.4536,237.0,28.5,65.0,5.2
GRID_037,18.2214,99.4643,248.0,28.5,65.0,5.2
GRID_038,18.2214,99.475,257.0,28.5,65.0,5.2
GRID_039,18.2214,99.4857,261.0,28.5,65.0,5.2
GRID_040,18.2214,99.4964,271.0,28.5,65.0,5.2
GRID_041,18.2214,99.5071,265.0,28.5,65.0,5.2
GRID_042,18.2214,99.5179,279.0,28.5,65.0,5.2
GRID_043,18.2214,99.5286,292.0,28.5,65.0,5.2
GRID_044,18.2214,99.5393,384.0,28.5,65.0,5.2
GRID_045,18.2214,99.55,514.0,28.5,65.0,5.2
GRID_046,18.2321,99.4,224.0,28.5,65.0,5.2
GRID_047,18.2321,99.4107,223.0,28.5,65.0,5.2
GRID_048,18.2321,99.4214,227.0,28.5,65.0,5.2
GRID_049,18.2321,99.4321,227.0,28.5,65.0,5.2
GRID_050,18.2321,99.4429,226.0,28.5,65.0,5.2
GRID_051,18.2321,99.4536,229.0,28.5,65.0,5.2
GRID_052,18.2321,99.4643,240.0,28.5,65.0,5.2
GRID_053,18.2321,99.475,245.0,28.5,65.0,5.2
GRID_054,18.2321,99.4857,262.0,28.5,65.0,5.2
GRID_055,18.2321,99.4964,262.0,28.5,65.0,5.2
GRID_056,18.2321,99.5071,259.0,28.5,65.0,5.2
GRID_057,18.2321,99.5179,271.0,28.5,65.0,5.2
GRID_058,18.2321,99.5286,291.0,28.5,65.0,5.2
GRID_059,18.2321,99.5393,335.0,28.5,65.0,5.2
GRID_060,18.2321,99.55,423.0,28.5,65.0,5.2
GRID_061,18.2429,99.4,228.0,28.5,65.0,5.2
GRID_062,18.2429,99.4107,227.0,28.5,65.0,5.2
GRID_063,18.2429,99.4214,226.0,28.5,65.0,5.2
GRID_064,18.2429,99.4321,220.0,28.5,65.0,5.2
GRID_065,18.2429,99.4429,230.0,28.5,65.0,5.2
GRID_066,18.2429,99.4536,231.0,28.5,65.0,5.2
GRID_067,18.2429,99.4643,233.0,28.5,65.0,5.2
GRID_068,18.2429,99.475,246.0,28.5,65.0,5.2
GRID_069,18.2429,99.4857,244.0,28.5,65.0,5.2
GRID_070,18.2429,99.4964,251.0,28.5,65.0,5.2
GRID_071,18.2429,99.5071,257.0,28.5,65.0,5.2
GRID_072,18.2429,99.5179,264.0,28.5,65.0,5.2
GRID_073,18.2429,99.5286,279.0,28.5,65.0,5.2
GRID_074,18.2429,99.5393,316.0,28.5,65.0,5.2
GRID_075,18.2429,99.55,414.0,28.5,65.0,5.2
GRID_076,18.2536,99.4,234.0,28.5,65.0,5.2
GRID_077,18.2536,99.4107,230.0,28.5,65.0,5.2
GRID_078,18.2536,99.4214,228.0,28.5,65.0,5.2
GRID_079,18.2536,99.4321,227.0,28.5,65.0,5.2
GRID_080,18.2536,99.4429,235.0,28.5,65.0,5.2
GRID_081,18.2536,99.4536,232.0,28.5,65.0,5.2
GRID_082,18.2536,99.4643,232.0,28.5,65.0,5.2
GRID_083,18.2536,99.475,239.0,28.5,65.0,5.2
GRID_084,18.2536,99.4857,240.0,28.5,65.0,5.2
GRID_085,18.2536,99.4964,247.0,28.5,65.0,5.2
GRID_086,18.2536,99.5071,250.0,28.5,65.0,5.2
GRID_087,18.2536,99.5179,262.0,28.5,65.0,5.2
GRID_088,18.2536,99.5286,281.0,28.5,65.0,5.2
GRID_089,18.2536,99.5393,300.0,28.5,65.0,5.2
GRID_090,18.2536,99.55,328.0,28.5,65.0,5.2
GRID_091,18.2643,99.4,236.0,28.5,65.0,5.2
GRID_092,18.2643,99.4107,234.0,28.5,65.0,5.2
GRID_093,18.2643,99.4214,231.0,28.5,65.0,5.2
GRID_094,18.2643,99.4321,228.0,28.5,65.0,5.2
GRID_095,18.2643,99.4429,228.0,28.5,65.0,5.2
GRID_096,18.2643,99.4536,232.0,28.5,65.0,5.2
GRID_097,18.2643,99.4643,234.0,28.5,65.0,5.2
GRID_098,18.2643,99.475,234.0,28.5,65.0,5.2
GRID_099,18.2643,99.4857,236.0,28.5,65.0,5.2
GRID_100,18.2643,99.4964,242.0,28.5,65.0,5.2
GRID_101,18.2643,99.5071,247.0,28.5,65.0,5.2
GRID_102,18.2643,99.5179,258.0,28.5,65.0,5.2
GRID_103,18.2643,99.5286,267.0,28.5,65.0,5.2
GRID_104,18.2643,99.5393,283.0,28.5,65.0,5.2
GRID_105,18.2643,99.55,344.0,28.5,65.0,5.2
GRID_106,18.275,99.4,240.0,28.5,65.0,5.2
GRID_107,18.275,99.4107,237.0,28.5,65.0,5.2
GRID_108,18.275,99.4214,232.0,28.5,65.0,5.2
GRID_109,18.275,99.4321,230.0,28.5,65.0,5.2
GRID_110,18.275,99.4429,232.0,28.5,65.0,5.2
GRID_111,18.275,99.4536,232.0,28.5,65.0,5.2
GRID_112,18.275,99.4643,232.0,28.5,65.0,5.2
GRID_113,18.275,99.475,236.0,28.5,65.0,5.2
GRID_114,18.275,99.4857,235.0,28.5,65.0,5.2
GRID_115,18.275,99.4964,240.0,28.5,65.0,5.2
GRID_116,18.275,99.5071,245.0,28.5,65.0,5.2
GRID_117,18.275,99.5179,252.0,28.5,65.0,5.2
GRID_118,18.275,99.5286,264.0,28.5,65.0,5.2
GRID_119,18.275,99.5393,282.0,28.5,65.0,5.2
GRID_120,18.275,99.55,332.0,28.5,65.0,5.2
GRID_121,18.2857,99.4,242.0,28.5,65.0,5.2
GRID_122,18.2857,99.4107,237.0,28.5,65.0,5.2
GRID_123,18.2857,99.4214,234.0,28.5,65.0,5.2
GRID_124,18.2857,99.4321,232.0,28.5,65.0,5.2
GRID_125,18.2857,99.4429,234.0,28.5,65.0,5.2
GRID_126,18.2857,99.4536,232.0,28.5,65.0,5.2
GRID_127,18.2857,99.4643,231.0,28.5,65.0,5.2
GRID_128,18.2857,99.475,240.0,28.5,65.0,5.2
GRID_129,18.2857,99.4857,238.0,28.5,65.0,5.2
GRID_130,18.2857,99.4964,239.0,28.5,65.0,5.2
GRID_131,18.2857,99.5071,242.0,28.5,65.0,5.2
GRID_132,18.2857,99.5179,254.0,28.5,65.0,5.2
GRID_133,18.2857,99.5286,256.0,28.5,65.0,5.2
GRID_134,18.2857,99.5393,275.0,28.5,65.0,5.2
GRID_135,18.2857,99.55,339.0,28.5,65.0,5.2
GRID_136,18.2964,99.4,242.0,28.5,65.0,5.2
GRID_137,18.2964,99.4107,239.0,28.5,65.0,5.2
GRID_138,18.2964,99.4214,243.0,28.5,65.0,5.2
GRID_139,18.2964,99.4321,236.0,28.5,65.0,5.2
GRID_140,18.2964,99.4429,236.0,28.5,65.0,5.2
GRID_141,18.2964,99.4536,233.0,28.5,65.0,5.2
GRID_142,18.2964,99.4643,234.0,28.5,65.0,5.2
GRID_143,18.2964,99.475,235.0,28.5,65.0,5.2
GRID_144,18.2964,99.4857,236.0,28.5,65.0,5.2
GRID_145,18.2964,99.4964,237.0,28.5,65.0,5.2
GRID_146,18.2964,99.5071,242.0,28.5,65.0,5.2
GRID_147,18.2964,99.5179,250.0,28.5,65.0,5.2
GRID_148,18.2964,99.5286,258.0,28.5,65.0,5.2
GRID_149,18.2964,99.5393,269.0,28.5,65.0,5.2
GRID_150,18.2964,99.55,302.0,28.5,65.0,5.2
GRID_151,18.3071,99.4,254.0,28.5,65.0,5.2
GRID_152,18.3071,99.4107,246.0,28.5,65.0,5.2
GRID_153,18.3071,99.4214,252.0,28.5,65.0,5.2
GRID_154,18.3071,99.4321,236.0,28.5,65.0,5.2
GRID_155,18.3071,99.4429,237.0,28.5,65.0,5.2
GRID_156,18.3071,99.4536,236.0,28.5,65.0,5.2
GRID_157,18.3071,99.4643,239.0,28.5,65.0,5.2
GRID_158,18.3071,99.475,248.0,28.5,65.0,5.2
GRID_159,18.3071,99.4857,240.0,28.5,65.0,5.2
GRID_160,18.3071,99.4964,239.0,28.5,65.0,5.2
GRID_161,18.3071,99.5071,236.0,28.5,65.0,5.2
GRID_162,18.3071,99.5179,239.0,28.5,65.0,5.2
GRID_163,18.3071,99.5286,255.0,28.5,65.0,5.2
GRID_164,18.3071,99.5393,258.0,28.5,65.0,5.2
GRID_165,18.3071,99.55,268.0,28.5,65.0,5.2
GRID_166,18.3179,99.4,257.0,28.5,65.0,5.2
GRID_167,18.3179,99.4107,257.0,28.5,65.0,5.2
GRID_168,18.3179,99.4214,245.0,28.5,65.0,5.2
GRID_169,18.3179,99.4321,244.0,28.5,65.0,5.2
GRID_170,18.3179,99.4429,238.0,28.5,65.0,5.2
GRID_171,18.3179,99.4536,238.0,28.5,65.0,5.2
GRID_172,18.3179,99.4643,246.0,28.5,65.0,5.2
GRID_173,18.3179,99.475,249.0,28.5,65.0,5.2
GRID_174,18.3179,99.4857,255.0,28.5,65.0,5.2
GRID_175,18.3179,99.4964,241.0,28.5,65.0,5.2
GRID_176,18.3179,99.5071,241.0,28.5,65.0,5.2
GRID_177,18.3179,99.5179,241.0,28.5,65.0,5.2
GRID_178,18.3179,99.5286,242.0,28.5,65.0,5.2
GRID_179,18.3179,99.5393,246.0,28.5,65.0,5.2
GRID_180,18.3179,99.55,255.0,28.5,65.0,5.2
GRID_181,18.3286,99.4,255.0,28.5,65.0,5.2
GRID_182,18.3286,99.4107,253.0,28.5,65.0,5.2
GRID_183,18.3286,99.4214,253.0,28.5,65.0,5.2
GRID_184,18.3286,99.4321,243.0,28.5,65.0,5.2
GRID_185,18.3286,99.4429,243.0,28.5,65.0,5.2
GRID_186,18.3286,99.4536,240.0,28.5,65.0,5.2
GRID_187,18.3286,99.4643,247.0,28.5,65.0,5.2
GRID_188,18.3286,99.475,251.0,28.5,65.0,5.2
GRID_189,18.3286,99.4857,251.0,28.5,65.0,5.2
GRID_190,18.3286,99.4964,257.0,28.5,65.0,5.2
GRID_191,18.3286,99.5071,251.0,28.5,65.0,5.2
GRID_192,18.3286,99.5179,240.0,28.5,65.0,5.2
GRID_193,18.3286,99.5286,241.0,28.5,65.0,5.2
GRID_194,18.3286,99.5393,241.0,28.5,65.0,5.2
GRID_195,18.3286,99.55,249.0,28.5,65.0,5.2
GRID_196,18.3393,99.4,264.0,28.5,65.0,5.2
GRID_197,18.3393,99.4107,254.0,28.5,65.0,5.2
GRID_198,18.3393,99.4214,249.0,28.5,65.0,5.2
GRID_199,18.3393,99.4321,252.0,28.5,65.0,5.2
GRID_200,18.3393,99.4429,242.0,28.5,65.0,5.2
GRID_201,18.3393,99.4536,242.0,28.5,65.0,5.2
GRID_202,18.3393,99.4643,254.0,28.5,65.0,5.2
GRID_203,18.3393,99.475,267.0,28.5,65.0,5.2
GRID_204,18.3393,99.4857,269.0,28.5,65.0,5.2
GRID_205,18.3393,99.4964,257.0,28.5,65.0,5.2
GRID_206,18.3393,99.5071,261.0,28.5,65.0,5.2
GRID_207,18.3393,99.5179,251.0,28.5,65.0,5.2
GRID_208,18.3393,99.5286,244.0,28.5,65.0,5.2
GRID_209,18.3393,99.5393,244.0,28.5,65.0,5.2
GRID_210,18.3393,99.55,245.0,28.5,65.0,5.2
GRID_211,18.35,99.4,265.0,28.5,65.0,5.2
GRID_212,18.35,99.4107,258.0,28.5,65.0,5.2
GRID_213,18.35,99.4214,268.0,28.5,65.0,5.2
GRID_214,18.35,99.4321,256.0,28.5,65.0,5.2
GRID_215,18.35,99.4429,245.0,28.5,65.0,5.2
GRID_216,18.35,99.4536,247.0,28.5,65.0,5.2
GRID_217,18.35,99.4643,259.0,28.5,65.0,5.2
GRID_218,18.35,99.475,274.0,28.5,65.0,5.2
GRID_219,18.35,99.4857,275.0,28.5,65.0,5.2
GRID_220,18.35,99.4964,265.0,28.5,65.0,5.2
GRID_221,18.35,99.5071,270.0,28.5,65.0,5.2
GRID_222,18.35,99.5179,256.0,28.5,65.0,5.2
GRID_223,18.35,99.5286,251.0,28.5,65.0,5.2
GRID_224,18.35,99.5393,246.0,28.5,65.0,5.2
GRID_225,18.35,99.55,246.0,28.5,65.0,5.2
